instancia;cruzamento;mutacao;execucao;fitness;limite_otimo;erro_relativo_percentual
instances/gr17.tsp;0.7;0.001;1;2174;2085;4.2686
instances/gr17.tsp;0.7;0.001;2;2279;2085;9.3046
instances/gr17.tsp;0.7;0.001;3;2095;2085;0.4796
instances/gr17.tsp;0.7;0.001;4;2156;2085;3.4053
instances/gr17.tsp;0.7;0.001;5;2380;2085;14.1487
instances/gr17.tsp;0.7;0.001;6;2095;2085;0.4796
instances/gr17.tsp;0.7;0.001;7;2223;2085;6.6187
instances/gr17.tsp;0.7;0.001;8;2228;2085;6.8585
instances/gr17.tsp;0.7;0.001;9;2329;2085;11.7026
instances/gr17.tsp;0.7;0.001;10;2215;2085;6.235
instances/gr17.tsp;0.7;0.001;11;2152;2085;3.2134
instances/gr17.tsp;0.7;0.001;12;2160;2085;3.5971
instances/gr17.tsp;0.7;0.001;13;2142;2085;2.7338
instances/gr17.tsp;0.7;0.001;14;2188;2085;4.94
instances/gr17.tsp;0.7;0.001;15;2137;2085;2.494
instances/gr17.tsp;0.7;0.001;16;2326;2085;11.5588
instances/gr17.tsp;0.7;0.001;17;2238;2085;7.3381
instances/gr17.tsp;0.7;0.001;18;2155;2085;3.3573
instances/gr17.tsp;0.7;0.001;19;2175;2085;4.3165
instances/gr17.tsp;0.7;0.001;20;2288;2085;9.7362
instances/gr17.tsp;0.7;0.001;21;2103;2085;0.8633
instances/gr17.tsp;0.7;0.001;22;2294;2085;10.024
instances/gr17.tsp;0.7;0.001;23;2120;2085;1.6787
instances/gr17.tsp;0.7;0.001;24;2095;2085;0.4796
instances/gr17.tsp;0.7;0.001;25;2227;2085;6.8106
instances/gr17.tsp;0.7;0.001;26;2201;2085;5.5635
instances/gr17.tsp;0.7;0.001;27;2136;2085;2.446
instances/gr17.tsp;0.7;0.001;28;2234;2085;7.1463
instances/gr17.tsp;0.7;0.001;29;2194;2085;5.2278
instances/gr17.tsp;0.7;0.001;30;2323;2085;11.4149
instances/gr17.tsp;0.7;0.005;1;2103;2085;0.8633
instances/gr17.tsp;0.7;0.005;2;2164;2085;3.789
instances/gr17.tsp;0.7;0.005;3;2187;2085;4.8921
instances/gr17.tsp;0.7;0.005;4;2095;2085;0.4796
instances/gr17.tsp;0.7;0.005;5;2129;2085;2.1103
instances/gr17.tsp;0.7;0.005;6;2153;2085;3.2614
instances/gr17.tsp;0.7;0.005;7;2228;2085;6.8585
instances/gr17.tsp;0.7;0.005;8;2158;2085;3.5012
instances/gr17.tsp;0.7;0.005;9;2095;2085;0.4796
instances/gr17.tsp;0.7;0.005;10;2090;2085;0.2398
instances/gr17.tsp;0.7;0.005;11;2090;2085;0.2398
instances/gr17.tsp;0.7;0.005;12;2123;2085;1.8225
instances/gr17.tsp;0.7;0.005;13;2153;2085;3.2614
instances/gr17.tsp;0.7;0.005;14;2248;2085;7.8177
instances/gr17.tsp;0.7;0.005;15;2120;2085;1.6787
instances/gr17.tsp;0.7;0.005;16;2385;2085;14.3885
instances/gr17.tsp;0.7;0.005;17;2120;2085;1.6787
instances/gr17.tsp;0.7;0.005;18;2184;2085;4.7482
instances/gr17.tsp;0.7;0.005;19;2094;2085;0.4317
instances/gr17.tsp;0.7;0.005;20;2136;2085;2.446
instances/gr17.tsp;0.7;0.005;21;2217;2085;6.3309
instances/gr17.tsp;0.7;0.005;22;2186;2085;4.8441
instances/gr17.tsp;0.7;0.005;23;2158;2085;3.5012
instances/gr17.tsp;0.7;0.005;24;2088;2085;0.1439
instances/gr17.tsp;0.7;0.005;25;2383;2085;14.2926
instances/gr17.tsp;0.7;0.005;26;2103;2085;0.8633
instances/gr17.tsp;0.7;0.005;27;2170;2085;4.0767
instances/gr17.tsp;0.7;0.005;28;2136;2085;2.446
instances/gr17.tsp;0.7;0.005;29;2184;2085;4.7482
instances/gr17.tsp;0.7;0.005;30;2090;2085;0.2398
instances/gr17.tsp;0.7;0.01;1;2337;2085;12.0863
instances/gr17.tsp;0.7;0.01;2;2194;2085;5.2278
instances/gr17.tsp;0.7;0.01;3;2311;2085;10.8393
instances/gr17.tsp;0.7;0.01;4;2095;2085;0.4796
instances/gr17.tsp;0.7;0.01;5;2153;2085;3.2614
instances/gr17.tsp;0.7;0.01;6;2120;2085;1.6787
instances/gr17.tsp;0.7;0.01;7;2103;2085;0.8633
instances/gr17.tsp;0.7;0.01;8;2146;2085;2.9257
instances/gr17.tsp;0.7;0.01;9;2223;2085;6.6187
instances/gr17.tsp;0.7;0.01;10;2103;2085;0.8633
instances/gr17.tsp;0.7;0.01;11;2103;2085;0.8633
instances/gr17.tsp;0.7;0.01;12;2154;2085;3.3094
instances/gr17.tsp;0.7;0.01;13;2103;2085;0.8633
instances/gr17.tsp;0.7;0.01;14;2475;2085;18.705
instances/gr17.tsp;0.7;0.01;15;2153;2085;3.2614
instances/gr17.tsp;0.7;0.01;16;2103;2085;0.8633
instances/gr17.tsp;0.7;0.01;17;2167;2085;3.9329
instances/gr17.tsp;0.7;0.01;18;2098;2085;0.6235
instances/gr17.tsp;0.7;0.01;19;2085;2085;0.0
instances/gr17.tsp;0.7;0.01;20;2167;2085;3.9329
instances/gr17.tsp;0.7;0.01;21;2187;2085;4.8921
instances/gr17.tsp;0.7;0.01;22;2155;2085;3.3573
instances/gr17.tsp;0.7;0.01;23;2103;2085;0.8633
instances/gr17.tsp;0.7;0.01;24;2085;2085;0.0
instances/gr17.tsp;0.7;0.01;25;2098;2085;0.6235
instances/gr17.tsp;0.7;0.01;26;2293;2085;9.976
instances/gr17.tsp;0.7;0.01;27;2163;2085;3.741
instances/gr17.tsp;0.7;0.01;28;2223;2085;6.6187
instances/gr17.tsp;0.7;0.01;29;2163;2085;3.741
instances/gr17.tsp;0.7;0.01;30;2085;2085;0.0
instances/gr17.tsp;0.8;0.001;1;2314;2085;10.9832
instances/gr17.tsp;0.8;0.001;2;2240;2085;7.4341
instances/gr17.tsp;0.8;0.001;3;2167;2085;3.9329
instances/gr17.tsp;0.8;0.001;4;2142;2085;2.7338
instances/gr17.tsp;0.8;0.001;5;2120;2085;1.6787
instances/gr17.tsp;0.8;0.001;6;2197;2085;5.3717
instances/gr17.tsp;0.8;0.001;7;2160;2085;3.5971
instances/gr17.tsp;0.8;0.001;8;2098;2085;0.6235
instances/gr17.tsp;0.8;0.001;9;2153;2085;3.2614
instances/gr17.tsp;0.8;0.001;10;2142;2085;2.7338
instances/gr17.tsp;0.8;0.001;11;2171;2085;4.1247
instances/gr17.tsp;0.8;0.001;12;2120;2085;1.6787
instances/gr17.tsp;0.8;0.001;13;2169;2085;4.0288
instances/gr17.tsp;0.8;0.001;14;2238;2085;7.3381
instances/gr17.tsp;0.8;0.001;15;2309;2085;10.7434
instances/gr17.tsp;0.8;0.001;16;2095;2085;0.4796
instances/gr17.tsp;0.8;0.001;17;2149;2085;3.0695
instances/gr17.tsp;0.8;0.001;18;2304;2085;10.5036
instances/gr17.tsp;0.8;0.001;19;2247;2085;7.7698
instances/gr17.tsp;0.8;0.001;20;2170;2085;4.0767
instances/gr17.tsp;0.8;0.001;21;2098;2085;0.6235
instances/gr17.tsp;0.8;0.001;22;2170;2085;4.0767
instances/gr17.tsp;0.8;0.001;23;2103;2085;0.8633
instances/gr17.tsp;0.8;0.001;24;2327;2085;11.6067
instances/gr17.tsp;0.8;0.001;25;2098;2085;0.6235
instances/gr17.tsp;0.8;0.001;26;2136;2085;2.446
instances/gr17.tsp;0.8;0.001;27;2090;2085;0.2398
instances/gr17.tsp;0.8;0.001;28;2090;2085;0.2398
instances/gr17.tsp;0.8;0.001;29;2120;2085;1.6787
instances/gr17.tsp;0.8;0.001;30;2220;2085;6.4748
instances/gr17.tsp;0.8;0.005;1;2103;2085;0.8633
instances/gr17.tsp;0.8;0.005;2;2149;2085;3.0695
instances/gr17.tsp;0.8;0.005;3;2098;2085;0.6235
instances/gr17.tsp;0.8;0.005;4;2136;2085;2.446
instances/gr17.tsp;0.8;0.005;5;2121;2085;1.7266
instances/gr17.tsp;0.8;0.005;6;2142;2085;2.7338
instances/gr17.tsp;0.8;0.005;7;2095;2085;0.4796
instances/gr17.tsp;0.8;0.005;8;2156;2085;3.4053
instances/gr17.tsp;0.8;0.005;9;2090;2085;0.2398
instances/gr17.tsp;0.8;0.005;10;2197;2085;5.3717
instances/gr17.tsp;0.8;0.005;11;2172;2085;4.1727
instances/gr17.tsp;0.8;0.005;12;2203;2085;5.6595
instances/gr17.tsp;0.8;0.005;13;2180;2085;4.5564
instances/gr17.tsp;0.8;0.005;14;2220;2085;6.4748
instances/gr17.tsp;0.8;0.005;15;2183;2085;4.7002
instances/gr17.tsp;0.8;0.005;16;2154;2085;3.3094
instances/gr17.tsp;0.8;0.005;17;2090;2085;0.2398
instances/gr17.tsp;0.8;0.005;18;2151;2085;3.1655
instances/gr17.tsp;0.8;0.005;19;2158;2085;3.5012
instances/gr17.tsp;0.8;0.005;20;2090;2085;0.2398
instances/gr17.tsp;0.8;0.005;21;2090;2085;0.2398
instances/gr17.tsp;0.8;0.005;22;2123;2085;1.8225
instances/gr17.tsp;0.8;0.005;23;2103;2085;0.8633
instances/gr17.tsp;0.8;0.005;24;2240;2085;7.4341
instances/gr17.tsp;0.8;0.005;25;2184;2085;4.7482
instances/gr17.tsp;0.8;0.005;26;2171;2085;4.1247
instances/gr17.tsp;0.8;0.005;27;2098;2085;0.6235
instances/gr17.tsp;0.8;0.005;28;2088;2085;0.1439
instances/gr17.tsp;0.8;0.005;29;2184;2085;4.7482
instances/gr17.tsp;0.8;0.005;30;2103;2085;0.8633
instances/gr17.tsp;0.8;0.01;1;2215;2085;6.235
instances/gr17.tsp;0.8;0.01;2;2166;2085;3.8849
instances/gr17.tsp;0.8;0.01;3;2085;2085;0.0
instances/gr17.tsp;0.8;0.01;4;2096;2085;0.5276
instances/gr17.tsp;0.8;0.01;5;2370;2085;13.6691
instances/gr17.tsp;0.8;0.01;6;2245;2085;7.6739
instances/gr17.tsp;0.8;0.01;7;2300;2085;10.3118
instances/gr17.tsp;0.8;0.01;8;2168;2085;3.9808
instances/gr17.tsp;0.8;0.01;9;2210;2085;5.9952
instances/gr17.tsp;0.8;0.01;10;2120;2085;1.6787
instances/gr17.tsp;0.8;0.01;11;2095;2085;0.4796
instances/gr17.tsp;0.8;0.01;12;2159;2085;3.5492
instances/gr17.tsp;0.8;0.01;13;2085;2085;0.0
instances/gr17.tsp;0.8;0.01;14;2167;2085;3.9329
instances/gr17.tsp;0.8;0.01;15;2155;2085;3.3573
instances/gr17.tsp;0.8;0.01;16;2085;2085;0.0
instances/gr17.tsp;0.8;0.01;17;2085;2085;0.0
instances/gr17.tsp;0.8;0.01;18;2103;2085;0.8633
instances/gr17.tsp;0.8;0.01;19;2120;2085;1.6787
instances/gr17.tsp;0.8;0.01;20;2085;2085;0.0
instances/gr17.tsp;0.8;0.01;21;2159;2085;3.5492
instances/gr17.tsp;0.8;0.01;22;2153;2085;3.2614
instances/gr17.tsp;0.8;0.01;23;2406;2085;15.3957
instances/gr17.tsp;0.8;0.01;24;2085;2085;0.0
instances/gr17.tsp;0.8;0.01;25;2223;2085;6.6187
instances/gr17.tsp;0.8;0.01;26;2085;2085;0.0
instances/gr17.tsp;0.8;0.01;27;2167;2085;3.9329
instances/gr17.tsp;0.8;0.01;28;2095;2085;0.4796
instances/gr17.tsp;0.8;0.01;29;2085;2085;0.0
instances/gr17.tsp;0.8;0.01;30;2180;2085;4.5564
instances/gr17.tsp;0.9;0.001;1;2095;2085;0.4796
instances/gr17.tsp;0.9;0.001;2;2155;2085;3.3573
instances/gr17.tsp;0.9;0.001;3;2220;2085;6.4748
instances/gr17.tsp;0.9;0.001;4;2203;2085;5.6595
instances/gr17.tsp;0.9;0.001;5;2182;2085;4.6523
instances/gr17.tsp;0.9;0.001;6;2195;2085;5.2758
instances/gr17.tsp;0.9;0.001;7;2095;2085;0.4796
instances/gr17.tsp;0.9;0.001;8;2095;2085;0.4796
instances/gr17.tsp;0.9;0.001;9;2139;2085;2.5899
instances/gr17.tsp;0.9;0.001;10;2181;2085;4.6043
instances/gr17.tsp;0.9;0.001;11;2095;2085;0.4796
instances/gr17.tsp;0.9;0.001;12;2208;2085;5.8993
instances/gr17.tsp;0.9;0.001;13;2166;2085;3.8849
instances/gr17.tsp;0.9;0.001;14;2307;2085;10.6475
instances/gr17.tsp;0.9;0.001;15;2197;2085;5.3717
instances/gr17.tsp;0.9;0.001;16;2340;2085;12.2302
instances/gr17.tsp;0.9;0.001;17;2136;2085;2.446
instances/gr17.tsp;0.9;0.001;18;2167;2085;3.9329
instances/gr17.tsp;0.9;0.001;19;2210;2085;5.9952
instances/gr17.tsp;0.9;0.001;20;2167;2085;3.9329
instances/gr17.tsp;0.9;0.001;21;2215;2085;6.235
instances/gr17.tsp;0.9;0.001;22;2103;2085;0.8633
instances/gr17.tsp;0.9;0.001;23;2224;2085;6.6667
instances/gr17.tsp;0.9;0.001;24;2194;2085;5.2278
instances/gr17.tsp;0.9;0.001;25;2096;2085;0.5276
instances/gr17.tsp;0.9;0.001;26;2085;2085;0.0
instances/gr17.tsp;0.9;0.001;27;2098;2085;0.6235
instances/gr17.tsp;0.9;0.001;28;2103;2085;0.8633
instances/gr17.tsp;0.9;0.001;29;2190;2085;5.036
instances/gr17.tsp;0.9;0.001;30;2215;2085;6.235
instances/gr17.tsp;0.9;0.005;1;2088;2085;0.1439
instances/gr17.tsp;0.9;0.005;2;2088;2085;0.1439
instances/gr17.tsp;0.9;0.005;3;2237;2085;7.2902
instances/gr17.tsp;0.9;0.005;4;2095;2085;0.4796
instances/gr17.tsp;0.9;0.005;5;2158;2085;3.5012
instances/gr17.tsp;0.9;0.005;6;2167;2085;3.9329
instances/gr17.tsp;0.9;0.005;7;2171;2085;4.1247
instances/gr17.tsp;0.9;0.005;8;2184;2085;4.7482
instances/gr17.tsp;0.9;0.005;9;2248;2085;7.8177
instances/gr17.tsp;0.9;0.005;10;2085;2085;0.0
instances/gr17.tsp;0.9;0.005;11;2136;2085;2.446
instances/gr17.tsp;0.9;0.005;12;2085;2085;0.0
instances/gr17.tsp;0.9;0.005;13;2136;2085;2.446
instances/gr17.tsp;0.9;0.005;14;2153;2085;3.2614
instances/gr17.tsp;0.9;0.005;15;2235;2085;7.1942
instances/gr17.tsp;0.9;0.005;16;2163;2085;3.741
instances/gr17.tsp;0.9;0.005;17;2085;2085;0.0
instances/gr17.tsp;0.9;0.005;18;2171;2085;4.1247
instances/gr17.tsp;0.9;0.005;19;2090;2085;0.2398
instances/gr17.tsp;0.9;0.005;20;2123;2085;1.8225
instances/gr17.tsp;0.9;0.005;21;2220;2085;6.4748
instances/gr17.tsp;0.9;0.005;22;2154;2085;3.3094
instances/gr17.tsp;0.9;0.005;23;2188;2085;4.94
instances/gr17.tsp;0.9;0.005;24;2118;2085;1.5827
instances/gr17.tsp;0.9;0.005;25;2146;2085;2.9257
instances/gr17.tsp;0.9;0.005;26;2175;2085;4.3165
instances/gr17.tsp;0.9;0.005;27;2085;2085;0.0
instances/gr17.tsp;0.9;0.005;28;2192;2085;5.1319
instances/gr17.tsp;0.9;0.005;29;2098;2085;0.6235
instances/gr17.tsp;0.9;0.005;30;2158;2085;3.5012
instances/gr17.tsp;0.9;0.01;1;2181;2085;4.6043
instances/gr17.tsp;0.9;0.01;2;2090;2085;0.2398
instances/gr17.tsp;0.9;0.01;3;2129;2085;2.1103
instances/gr17.tsp;0.9;0.01;4;2210;2085;5.9952
instances/gr17.tsp;0.9;0.01;5;2142;2085;2.7338
instances/gr17.tsp;0.9;0.01;6;2085;2085;0.0
instances/gr17.tsp;0.9;0.01;7;2090;2085;0.2398
instances/gr17.tsp;0.9;0.01;8;2103;2085;0.8633
instances/gr17.tsp;0.9;0.01;9;2158;2085;3.5012
instances/gr17.tsp;0.9;0.01;10;2209;2085;5.9472
instances/gr17.tsp;0.9;0.01;11;2085;2085;0.0
instances/gr17.tsp;0.9;0.01;12;2103;2085;0.8633
instances/gr17.tsp;0.9;0.01;13;2158;2085;3.5012
instances/gr17.tsp;0.9;0.01;14;2142;2085;2.7338
instances/gr17.tsp;0.9;0.01;15;2189;2085;4.988
instances/gr17.tsp;0.9;0.01;16;2103;2085;0.8633
instances/gr17.tsp;0.9;0.01;17;2090;2085;0.2398
instances/gr17.tsp;0.9;0.01;18;2158;2085;3.5012
instances/gr17.tsp;0.9;0.01;19;2201;2085;5.5635
instances/gr17.tsp;0.9;0.01;20;2158;2085;3.5012
instances/gr17.tsp;0.9;0.01;21;2151;2085;3.1655
instances/gr17.tsp;0.9;0.01;22;2228;2085;6.8585
instances/gr17.tsp;0.9;0.01;23;2189;2085;4.988
instances/gr17.tsp;0.9;0.01;24;2088;2085;0.1439
instances/gr17.tsp;0.9;0.01;25;2123;2085;1.8225
instances/gr17.tsp;0.9;0.01;26;2163;2085;3.741
instances/gr17.tsp;0.9;0.01;27;2168;2085;3.9808
instances/gr17.tsp;0.9;0.01;28;2085;2085;0.0
instances/gr17.tsp;0.9;0.01;29;2192;2085;5.1319
instances/gr17.tsp;0.9;0.01;30;2447;2085;17.3621
instances/berlin52.tsp;0.7;0.001;1;12909;7542;71.1615
instances/berlin52.tsp;0.7;0.001;2;10953;7542;45.2267
instances/berlin52.tsp;0.7;0.001;3;10356;7542;37.3111
instances/berlin52.tsp;0.7;0.001;4;9784;7542;29.7269
instances/berlin52.tsp;0.7;0.001;5;10817;7542;43.4235
instances/berlin52.tsp;0.7;0.001;6;9980;7542;32.3256
instances/berlin52.tsp;0.7;0.001;7;12822;7542;70.008
instances/berlin52.tsp;0.7;0.001;8;10783;7542;42.9727
instances/berlin52.tsp;0.7;0.001;9;11336;7542;50.305
instances/berlin52.tsp;0.7;0.001;10;11836;7542;56.9345
instances/berlin52.tsp;0.7;0.001;11;11096;7542;47.1228
instances/berlin52.tsp;0.7;0.001;12;10065;7542;33.4527
instances/berlin52.tsp;0.7;0.001;13;11849;7542;57.1069
instances/berlin52.tsp;0.7;0.001;14;11756;7542;55.8738
instances/berlin52.tsp;0.7;0.001;15;12354;7542;63.8027
instances/berlin52.tsp;0.7;0.001;16;10619;7542;40.7982
instances/berlin52.tsp;0.7;0.001;17;10734;7542;42.323
instances/berlin52.tsp;0.7;0.001;18;10777;7542;42.8931
instances/berlin52.tsp;0.7;0.001;19;11046;7542;46.4598
instances/berlin52.tsp;0.7;0.001;20;10093;7542;33.8239
instances/berlin52.tsp;0.7;0.001;21;11519;7542;52.7314
instances/berlin52.tsp;0.7;0.001;22;11530;7542;52.8772
instances/berlin52.tsp;0.7;0.001;23;10641;7542;41.0899
instances/berlin52.tsp;0.7;0.001;24;11178;7542;48.21
instances/berlin52.tsp;0.7;0.001;25;11255;7542;49.231
instances/berlin52.tsp;0.7;0.001;26;11002;7542;45.8764
instances/berlin52.tsp;0.7;0.001;27;10426;7542;38.2392
instances/berlin52.tsp;0.7;0.001;28;11744;7542;55.7147
instances/berlin52.tsp;0.7;0.001;29;11180;7542;48.2365
instances/berlin52.tsp;0.7;0.001;30;11845;7542;57.0538
instances/berlin52.tsp;0.7;0.005;1;10708;7542;41.9783
instances/berlin52.tsp;0.7;0.005;2;11331;7542;50.2387
instances/berlin52.tsp;0.7;0.005;3;10600;7542;40.5463
instances/berlin52.tsp;0.7;0.005;4;10213;7542;35.415
instances/berlin52.tsp;0.7;0.005;5;10885;7542;44.3251
instances/berlin52.tsp;0.7;0.005;6;9776;7542;29.6208
instances/berlin52.tsp;0.7;0.005;7;10097;7542;33.877
instances/berlin52.tsp;0.7;0.005;8;10716;7542;42.0843
instances/berlin52.tsp;0.7;0.005;9;10774;7542;42.8534
instances/berlin52.tsp;0.7;0.005;10;9826;7542;30.2837
instances/berlin52.tsp;0.7;0.005;11;11214;7542;48.6874
instances/berlin52.tsp;0.7;0.005;12;10017;7542;32.8162
instances/berlin52.tsp;0.7;0.005;13;9365;7542;24.1713
instances/berlin52.tsp;0.7;0.005;14;10899;7542;44.5107
instances/berlin52.tsp;0.7;0.005;15;10501;7542;39.2336
instances/berlin52.tsp;0.7;0.005;16;10628;7542;40.9175
instances/berlin52.tsp;0.7;0.005;17;10102;7542;33.9433
instances/berlin52.tsp;0.7;0.005;18;9287;7542;23.1371
instances/berlin52.tsp;0.7;0.005;19;9017;7542;19.5571
instances/berlin52.tsp;0.7;0.005;20;10343;7542;37.1387
instances/berlin52.tsp;0.7;0.005;21;11118;7542;47.4145
instances/berlin52.tsp;0.7;0.005;22;10001;7542;32.6041
instances/berlin52.tsp;0.7;0.005;23;10698;7542;41.8457
instances/berlin52.tsp;0.7;0.005;24;10061;7542;33.3996
instances/berlin52.tsp;0.7;0.005;25;11064;7542;46.6985
instances/berlin52.tsp;0.7;0.005;26;9800;7542;29.939
instances/berlin52.tsp;0.7;0.005;27;9272;7542;22.9382
instances/berlin52.tsp;0.7;0.005;28;9450;7542;25.2983
instances/berlin52.tsp;0.7;0.005;29;10647;7542;41.1695
instances/berlin52.tsp;0.7;0.005;30;9468;7542;25.537
instances/berlin52.tsp;0.7;0.01;1;10816;7542;43.4102
instances/berlin52.tsp;0.7;0.01;2;9809;7542;30.0583
instances/berlin52.tsp;0.7;0.01;3;10121;7542;34.1952
instances/berlin52.tsp;0.7;0.01;4;10067;7542;33.4792
instances/berlin52.tsp;0.7;0.01;5;9509;7542;26.0806
instances/berlin52.tsp;0.7;0.01;6;9645;7542;27.8839
instances/berlin52.tsp;0.7;0.01;7;10548;7542;39.8568
instances/berlin52.tsp;0.7;0.01;8;9429;7542;25.0199
instances/berlin52.tsp;0.7;0.01;9;10201;7542;35.2559
instances/berlin52.tsp;0.7;0.01;10;10081;7542;33.6648
instances/berlin52.tsp;0.7;0.01;11;10430;7542;38.2922
instances/berlin52.tsp;0.7;0.01;12;11174;7542;48.157
instances/berlin52.tsp;0.7;0.01;13;8262;7542;9.5465
instances/berlin52.tsp;0.7;0.01;14;10285;7542;36.3697
instances/berlin52.tsp;0.7;0.01;15;10243;7542;35.8128
instances/berlin52.tsp;0.7;0.01;16;9434;7542;25.0862
instances/berlin52.tsp;0.7;0.01;17;11151;7542;47.852
instances/berlin52.tsp;0.7;0.01;18;9889;7542;31.1191
instances/berlin52.tsp;0.7;0.01;19;9186;7542;21.7979
instances/berlin52.tsp;0.7;0.01;20;9617;7542;27.5126
instances/berlin52.tsp;0.7;0.01;21;11192;7542;48.3957
instances/berlin52.tsp;0.7;0.01;22;9457;7542;25.3911
instances/berlin52.tsp;0.7;0.01;23;10187;7542;35.0703
instances/berlin52.tsp;0.7;0.01;24;10627;7542;40.9043
instances/berlin52.tsp;0.7;0.01;25;10042;7542;33.1477
instances/berlin52.tsp;0.7;0.01;26;9581;7542;27.0353
instances/berlin52.tsp;0.7;0.01;27;10919;7542;44.7759
instances/berlin52.tsp;0.7;0.01;28;10460;7542;38.69
instances/berlin52.tsp;0.7;0.01;29;9744;7542;29.1965
instances/berlin52.tsp;0.7;0.01;30;11372;7542;50.7823
instances/berlin52.tsp;0.8;0.001;1;10242;7542;35.7995
instances/berlin52.tsp;0.8;0.001;2;11362;7542;50.6497
instances/berlin52.tsp;0.8;0.001;3;11824;7542;56.7754
instances/berlin52.tsp;0.8;0.001;4;10075;7542;33.5853
instances/berlin52.tsp;0.8;0.001;5;11529;7542;52.864
instances/berlin52.tsp;0.8;0.001;6;11863;7542;57.2925
instances/berlin52.tsp;0.8;0.001;7;13067;7542;73.2564
instances/berlin52.tsp;0.8;0.001;8;10381;7542;37.6425
instances/berlin52.tsp;0.8;0.001;9;10839;7542;43.7152
instances/berlin52.tsp;0.8;0.001;10;11821;7542;56.7356
instances/berlin52.tsp;0.8;0.001;11;11123;7542;47.4808
instances/berlin52.tsp;0.8;0.001;12;11753;7542;55.834
instances/berlin52.tsp;0.8;0.001;13;11467;7542;52.0419
instances/berlin52.tsp;0.8;0.001;14;10926;7542;44.8687
instances/berlin52.tsp;0.8;0.001;15;11565;7542;53.3413
instances/berlin52.tsp;0.8;0.001;16;10425;7542;38.2259
instances/berlin52.tsp;0.8;0.001;17;10139;7542;34.4338
instances/berlin52.tsp;0.8;0.001;18;9902;7542;31.2914
instances/berlin52.tsp;0.8;0.001;19;10990;7542;45.7173
instances/berlin52.tsp;0.8;0.001;20;9736;7542;29.0904
instances/berlin52.tsp;0.8;0.001;21;10994;7542;45.7704
instances/berlin52.tsp;0.8;0.001;22;11577;7542;53.5004
instances/berlin52.tsp;0.8;0.001;23;11595;7542;53.7391
instances/berlin52.tsp;0.8;0.001;24;12028;7542;59.4802
instances/berlin52.tsp;0.8;0.001;25;11937;7542;58.2737
instances/berlin52.tsp;0.8;0.001;26;11762;7542;55.9533
instances/berlin52.tsp;0.8;0.001;27;10784;7542;42.9859
instances/berlin52.tsp;0.8;0.001;28;10956;7542;45.2665
instances/berlin52.tsp;0.8;0.001;29;11711;7542;55.2771
instances/berlin52.tsp;0.8;0.001;30;11546;7542;53.0894
instances/berlin52.tsp;0.8;0.005;1;9671;7542;28.2286
instances/berlin52.tsp;0.8;0.005;2;10482;7542;38.9817
instances/berlin52.tsp;0.8;0.005;3;9515;7542;26.1602
instances/berlin52.tsp;0.8;0.005;4;10594;7542;40.4667
instances/berlin52.tsp;0.8;0.005;5;8766;7542;16.2291
instances/berlin52.tsp;0.8;0.005;6;10466;7542;38.7696
instances/berlin52.tsp;0.8;0.005;7;9863;7542;30.7743
instances/berlin52.tsp;0.8;0.005;8;10325;7542;36.9
instances/berlin52.tsp;0.8;0.005;9;10913;7542;44.6964
instances/berlin52.tsp;0.8;0.005;10;9069;7542;20.2466
instances/berlin52.tsp;0.8;0.005;11;10004;7542;32.6439
instances/berlin52.tsp;0.8;0.005;12;10152;7542;34.6062
instances/berlin52.tsp;0.8;0.005;13;10690;7542;41.7396
instances/berlin52.tsp;0.8;0.005;14;9305;7542;23.3758
instances/berlin52.tsp;0.8;0.005;15;11399;7542;51.1403
instances/berlin52.tsp;0.8;0.005;16;10938;7542;45.0278
instances/berlin52.tsp;0.8;0.005;17;10924;7542;44.8422
instances/berlin52.tsp;0.8;0.005;18;9690;7542;28.4805
instances/berlin52.tsp;0.8;0.005;19;9068;7542;20.2334
instances/berlin52.tsp;0.8;0.005;20;10585;7542;40.3474
instances/berlin52.tsp;0.8;0.005;21;10160;7542;34.7123
instances/berlin52.tsp;0.8;0.005;22;10366;7542;37.4436
instances/berlin52.tsp;0.8;0.005;23;10490;7542;39.0878
instances/berlin52.tsp;0.8;0.005;24;10450;7542;38.5574
instances/berlin52.tsp;0.8;0.005;25;10373;7542;37.5365
instances/berlin52.tsp;0.8;0.005;26;10056;7542;33.3333
instances/berlin52.tsp;0.8;0.005;27;11322;7542;50.1193
instances/berlin52.tsp;0.8;0.005;28;9952;7542;31.9544
instances/berlin52.tsp;0.8;0.005;29;10270;7542;36.1708
instances/berlin52.tsp;0.8;0.005;30;9526;7542;26.306
instances/berlin52.tsp;0.8;0.01;1;9199;7542;21.9703
instances/berlin52.tsp;0.8;0.01;2;10642;7542;41.1032
instances/berlin52.tsp;0.8;0.01;3;14670;7542;94.5107
instances/berlin52.tsp;0.8;0.01;4;9265;7542;22.8454
instances/berlin52.tsp;0.8;0.01;5;11612;7542;53.9645
instances/berlin52.tsp;0.8;0.01;6;10452;7542;38.5839
instances/berlin52.tsp;0.8;0.01;7;9890;7542;31.1323
instances/berlin52.tsp;0.8;0.01;8;7964;7542;5.5953
instances/berlin52.tsp;0.8;0.01;9;9600;7542;27.2872
instances/berlin52.tsp;0.8;0.01;10;8958;7542;18.7749
instances/berlin52.tsp;0.8;0.01;11;12200;7542;61.7608
instances/berlin52.tsp;0.8;0.01;12;9302;7542;23.336
instances/berlin52.tsp;0.8;0.01;13;10738;7542;42.376
instances/berlin52.tsp;0.8;0.01;14;14282;7542;89.3662
instances/berlin52.tsp;0.8;0.01;15;9697;7542;28.5733
instances/berlin52.tsp;0.8;0.01;16;9624;7542;27.6054
instances/berlin52.tsp;0.8;0.01;17;10074;7542;33.572
instances/berlin52.tsp;0.8;0.01;18;11783;7542;56.2318
instances/berlin52.tsp;0.8;0.01;19;11058;7542;46.6189
instances/berlin52.tsp;0.8;0.01;20;9422;7542;24.9271
instances/berlin52.tsp;0.8;0.01;21;9585;7542;27.0883
instances/berlin52.tsp;0.8;0.01;22;10474;7542;38.8756
instances/berlin52.tsp;0.8;0.01;23;11476;7542;52.1612
instances/berlin52.tsp;0.8;0.01;24;9253;7542;22.6863
instances/berlin52.tsp;0.8;0.01;25;9109;7542;20.777
instances/berlin52.tsp;0.8;0.01;26;9921;7542;31.5434
instances/berlin52.tsp;0.8;0.01;27;9999;7542;32.5776
instances/berlin52.tsp;0.8;0.01;28;9613;7542;27.4596
instances/berlin52.tsp;0.8;0.01;29;9248;7542;22.62
instances/berlin52.tsp;0.8;0.01;30;11458;7542;51.9226
instances/berlin52.tsp;0.9;0.001;1;10887;7542;44.3516
instances/berlin52.tsp;0.9;0.001;2;11606;7542;53.8849
instances/berlin52.tsp;0.9;0.001;3;12008;7542;59.2151
instances/berlin52.tsp;0.9;0.001;4;9722;7542;28.9048
instances/berlin52.tsp;0.9;0.001;5;11105;7542;47.2421
instances/berlin52.tsp;0.9;0.001;6;9885;7542;31.066
instances/berlin52.tsp;0.9;0.001;7;10972;7542;45.4787
instances/berlin52.tsp;0.9;0.001;8;12363;7542;63.922
instances/berlin52.tsp;0.9;0.001;9;10879;7542;44.2456
instances/berlin52.tsp;0.9;0.001;10;11091;7542;47.0565
instances/berlin52.tsp;0.9;0.001;11;12992;7542;72.262
instances/berlin52.tsp;0.9;0.001;12;10720;7542;42.1374
instances/berlin52.tsp;0.9;0.001;13;11206;7542;48.5813
instances/berlin52.tsp;0.9;0.001;14;11249;7542;49.1514
instances/berlin52.tsp;0.9;0.001;15;10268;7542;36.1443
instances/berlin52.tsp;0.9;0.001;16;9743;7542;29.1832
instances/berlin52.tsp;0.9;0.001;17;11824;7542;56.7754
instances/berlin52.tsp;0.9;0.001;18;11518;7542;52.7181
instances/berlin52.tsp;0.9;0.001;19;11168;7542;48.0774
instances/berlin52.tsp;0.9;0.001;20;11068;7542;46.7515
instances/berlin52.tsp;0.9;0.001;21;10162;7542;34.7388
instances/berlin52.tsp;0.9;0.001;22;12441;7542;64.9562
instances/berlin52.tsp;0.9;0.001;23;12554;7542;66.4545
instances/berlin52.tsp;0.9;0.001;24;12908;7542;71.1482
instances/berlin52.tsp;0.9;0.001;25;10392;7542;37.7884
instances/berlin52.tsp;0.9;0.001;26;10633;7542;40.9838
instances/berlin52.tsp;0.9;0.001;27;10053;7542;33.2936
instances/berlin52.tsp;0.9;0.001;28;12388;7542;64.2535
instances/berlin52.tsp;0.9;0.001;29;11261;7542;49.3105
instances/berlin52.tsp;0.9;0.001;30;10748;7542;42.5086
instances/berlin52.tsp;0.9;0.005;1;9446;7542;25.2453
instances/berlin52.tsp;0.9;0.005;2;11548;7542;53.1159
instances/berlin52.tsp;0.9;0.005;3;11879;7542;57.5046
instances/berlin52.tsp;0.9;0.005;4;11006;7542;45.9295
instances/berlin52.tsp;0.9;0.005;5;10129;7542;34.3012
instances/berlin52.tsp;0.9;0.005;6;10151;7542;34.5929
instances/berlin52.tsp;0.9;0.005;7;9157;7542;21.4134
instances/berlin52.tsp;0.9;0.005;8;11220;7542;48.7669
instances/berlin52.tsp;0.9;0.005;9;11053;7542;46.5526
instances/berlin52.tsp;0.9;0.005;10;9002;7542;19.3583
instances/berlin52.tsp;0.9;0.005;11;10267;7542;36.131
instances/berlin52.tsp;0.9;0.005;12;10171;7542;34.8581
instances/berlin52.tsp;0.9;0.005;13;10696;7542;41.8191
instances/berlin52.tsp;0.9;0.005;14;9967;7542;32.1533
instances/berlin52.tsp;0.9;0.005;15;9667;7542;28.1756
instances/berlin52.tsp;0.9;0.005;16;9398;7542;24.6089
instances/berlin52.tsp;0.9;0.005;17;9822;7542;30.2307
instances/berlin52.tsp;0.9;0.005;18;10046;7542;33.2007
instances/berlin52.tsp;0.9;0.005;19;9923;7542;31.5699
instances/berlin52.tsp;0.9;0.005;20;9264;7542;22.8321
instances/berlin52.tsp;0.9;0.005;21;10234;7542;35.6935
instances/berlin52.tsp;0.9;0.005;22;8915;7542;18.2047
instances/berlin52.tsp;0.9;0.005;23;9282;7542;23.0708
instances/berlin52.tsp;0.9;0.005;24;10459;7542;38.6767
instances/berlin52.tsp;0.9;0.005;25;9720;7542;28.8783
instances/berlin52.tsp;0.9;0.005;26;8988;7542;19.1726
instances/berlin52.tsp;0.9;0.005;27;9656;7542;28.0297
instances/berlin52.tsp;0.9;0.005;28;10677;7542;41.5672
instances/berlin52.tsp;0.9;0.005;29;9800;7542;29.939
instances/berlin52.tsp;0.9;0.005;30;9012;7542;19.4909
instances/berlin52.tsp;0.9;0.01;1;10028;7542;32.9621
instances/berlin52.tsp;0.9;0.01;2;10226;7542;35.5874
instances/berlin52.tsp;0.9;0.01;3;10556;7542;39.9629
instances/berlin52.tsp;0.9;0.01;4;10823;7542;43.503
instances/berlin52.tsp;0.9;0.01;5;10286;7542;36.3829
instances/berlin52.tsp;0.9;0.01;6;9060;7542;20.1273
instances/berlin52.tsp;0.9;0.01;7;9834;7542;30.3898
instances/berlin52.tsp;0.9;0.01;8;10200;7542;35.2426
instances/berlin52.tsp;0.9;0.01;9;10563;7542;40.0557
instances/berlin52.tsp;0.9;0.01;10;10833;7542;43.6356
instances/berlin52.tsp;0.9;0.01;11;11651;7542;54.4816
instances/berlin52.tsp;0.9;0.01;12;11035;7542;46.314
instances/berlin52.tsp;0.9;0.01;13;10862;7542;44.0202
instances/berlin52.tsp;0.9;0.01;14;8793;7542;16.5871
instances/berlin52.tsp;0.9;0.01;15;11400;7542;51.1535
instances/berlin52.tsp;0.9;0.01;16;9259;7542;22.7658
instances/berlin52.tsp;0.9;0.01;17;9178;7542;21.6919
instances/berlin52.tsp;0.9;0.01;18;10055;7542;33.3201
instances/berlin52.tsp;0.9;0.01;19;9274;7542;22.9647
instances/berlin52.tsp;0.9;0.01;20;11212;7542;48.6608
instances/berlin52.tsp;0.9;0.01;21;11044;7542;46.4333
instances/berlin52.tsp;0.9;0.01;22;10970;7542;45.4521
instances/berlin52.tsp;0.9;0.01;23;9928;7542;31.6362
instances/berlin52.tsp;0.9;0.01;24;10610;7542;40.6789
instances/berlin52.tsp;0.9;0.01;25;10288;7542;36.4094
instances/berlin52.tsp;0.9;0.01;26;10055;7542;33.3201
instances/berlin52.tsp;0.9;0.01;27;10163;7542;34.7521
instances/berlin52.tsp;0.9;0.01;28;9344;7542;23.8929
instances/berlin52.tsp;0.9;0.01;29;10557;7542;39.9761
instances/berlin52.tsp;0.9;0.01;30;10411;7542;38.0403
instances/eil76.tsp;0.7;0.001;1;895;538;66.3569
instances/eil76.tsp;0.7;0.001;2;848;538;57.6208
instances/eil76.tsp;0.7;0.001;3;1010;538;87.7323
instances/eil76.tsp;0.7;0.001;4;972;538;80.6691
instances/eil76.tsp;0.7;0.001;5;878;538;63.197
instances/eil76.tsp;0.7;0.001;6;922;538;71.3755
instances/eil76.tsp;0.7;0.001;7;848;538;57.6208
instances/eil76.tsp;0.7;0.001;8;841;538;56.3197
instances/eil76.tsp;0.7;0.001;9;957;538;77.881
instances/eil76.tsp;0.7;0.001;10;920;538;71.0037
instances/eil76.tsp;0.7;0.001;11;904;538;68.0297
instances/eil76.tsp;0.7;0.001;12;946;538;75.8364
instances/eil76.tsp;0.7;0.001;13;923;538;71.5613
instances/eil76.tsp;0.7;0.001;14;870;538;61.71
instances/eil76.tsp;0.7;0.001;15;893;538;65.9851
instances/eil76.tsp;0.7;0.001;16;884;538;64.3123
instances/eil76.tsp;0.7;0.001;17;766;538;42.3792
instances/eil76.tsp;0.7;0.001;18;960;538;78.4387
instances/eil76.tsp;0.7;0.001;19;852;538;58.3643
instances/eil76.tsp;0.7;0.001;20;987;538;83.4572
instances/eil76.tsp;0.7;0.001;21;891;538;65.6134
instances/eil76.tsp;0.7;0.001;22;930;538;72.8625
instances/eil76.tsp;0.7;0.001;23;973;538;80.855
instances/eil76.tsp;0.7;0.001;24;961;538;78.6245
instances/eil76.tsp;0.7;0.001;25;846;538;57.2491
instances/eil76.tsp;0.7;0.001;26;897;538;66.7286
instances/eil76.tsp;0.7;0.001;27;974;538;81.0409
instances/eil76.tsp;0.7;0.001;28;979;538;81.9703
instances/eil76.tsp;0.7;0.001;29;907;538;68.5874
instances/eil76.tsp;0.7;0.001;30;887;538;64.8699
instances/eil76.tsp;0.7;0.005;1;894;538;66.171
instances/eil76.tsp;0.7;0.005;2;818;538;52.0446
instances/eil76.tsp;0.7;0.005;3;712;538;32.342
instances/eil76.tsp;0.7;0.005;4;875;538;62.6394
instances/eil76.tsp;0.7;0.005;5;822;538;52.7881
instances/eil76.tsp;0.7;0.005;6;791;538;47.026
instances/eil76.tsp;0.7;0.005;7;902;538;67.658
instances/eil76.tsp;0.7;0.005;8;858;538;59.4796
instances/eil76.tsp;0.7;0.005;9;812;538;50.9294
instances/eil76.tsp;0.7;0.005;10;775;538;44.052
instances/eil76.tsp;0.7;0.005;11;884;538;64.3123
instances/eil76.tsp;0.7;0.005;12;863;538;60.4089
instances/eil76.tsp;0.7;0.005;13;902;538;67.658
instances/eil76.tsp;0.7;0.005;14;800;538;48.6989
instances/eil76.tsp;0.7;0.005;15;731;538;35.8736
instances/eil76.tsp;0.7;0.005;16;846;538;57.2491
instances/eil76.tsp;0.7;0.005;17;897;538;66.7286
instances/eil76.tsp;0.7;0.005;18;873;538;62.2677
instances/eil76.tsp;0.7;0.005;19;781;538;45.1673
instances/eil76.tsp;0.7;0.005;20;827;538;53.7175
instances/eil76.tsp;0.7;0.005;21;823;538;52.974
instances/eil76.tsp;0.7;0.005;22;857;538;59.2937
instances/eil76.tsp;0.7;0.005;23;828;538;53.9033
instances/eil76.tsp;0.7;0.005;24;766;538;42.3792
instances/eil76.tsp;0.7;0.005;25;851;538;58.1784
instances/eil76.tsp;0.7;0.005;26;911;538;69.3309
instances/eil76.tsp;0.7;0.005;27;807;538;50.0
instances/eil76.tsp;0.7;0.005;28;936;538;73.9777
instances/eil76.tsp;0.7;0.005;29;804;538;49.4424
instances/eil76.tsp;0.7;0.005;30;735;538;36.6171
instances/eil76.tsp;0.7;0.01;1;818;538;52.0446
instances/eil76.tsp;0.7;0.01;2;1018;538;89.2193
instances/eil76.tsp;0.7;0.01;3;1201;538;123.2342
instances/eil76.tsp;0.7;0.01;4;1242;538;130.855
instances/eil76.tsp;0.7;0.01;5;1365;538;153.7175
instances/eil76.tsp;0.7;0.01;6;1226;538;127.881
instances/eil76.tsp;0.7;0.01;7;1173;538;118.0297
instances/eil76.tsp;0.7;0.01;8;1361;538;152.974
instances/eil76.tsp;0.7;0.01;9;1277;538;137.3606
instances/eil76.tsp;0.7;0.01;10;899;538;67.1004
instances/eil76.tsp;0.7;0.01;11;1108;538;105.948
instances/eil76.tsp;0.7;0.01;12;1166;538;116.7286
instances/eil76.tsp;0.7;0.01;13;973;538;80.855
instances/eil76.tsp;0.7;0.01;14;1344;538;149.8141
instances/eil76.tsp;0.7;0.01;15;1199;538;122.8625
instances/eil76.tsp;0.7;0.01;16;1252;538;132.7138
instances/eil76.tsp;0.7;0.01;17;1186;538;120.4461
instances/eil76.tsp;0.7;0.01;18;1383;538;157.0632
instances/eil76.tsp;0.7;0.01;19;1134;538;110.7807
instances/eil76.tsp;0.7;0.01;20;1182;538;119.7026
instances/eil76.tsp;0.7;0.01;21;1159;538;115.4275
instances/eil76.tsp;0.7;0.01;22;854;538;58.7361
instances/eil76.tsp;0.7;0.01;23;1252;538;132.7138
instances/eil76.tsp;0.7;0.01;24;909;538;68.9591
instances/eil76.tsp;0.7;0.01;25;928;538;72.4907
instances/eil76.tsp;0.7;0.01;26;1223;538;127.3234
instances/eil76.tsp;0.7;0.01;27;1272;538;136.4312
instances/eil76.tsp;0.7;0.01;28;1104;538;105.2045
instances/eil76.tsp;0.7;0.01;29;1118;538;107.8067
instances/eil76.tsp;0.7;0.01;30;938;538;74.3494
instances/eil76.tsp;0.8;0.001;1;757;538;40.7063
instances/eil76.tsp;0.8;0.001;2;910;538;69.145
instances/eil76.tsp;0.8;0.001;3;932;538;73.2342
instances/eil76.tsp;0.8;0.001;4;837;538;55.5762
instances/eil76.tsp;0.8;0.001;5;884;538;64.3123
instances/eil76.tsp;0.8;0.001;6;920;538;71.0037
instances/eil76.tsp;0.8;0.001;7;854;538;58.7361
instances/eil76.tsp;0.8;0.001;8;1054;538;95.9108
instances/eil76.tsp;0.8;0.001;9;881;538;63.7546
instances/eil76.tsp;0.8;0.001;10;947;538;76.0223
instances/eil76.tsp;0.8;0.001;11;848;538;57.6208
instances/eil76.tsp;0.8;0.001;12;962;538;78.8104
instances/eil76.tsp;0.8;0.001;13;898;538;66.9145
instances/eil76.tsp;0.8;0.001;14;885;538;64.4981
instances/eil76.tsp;0.8;0.001;15;755;538;40.3346
instances/eil76.tsp;0.8;0.001;16;942;538;75.0929
instances/eil76.tsp;0.8;0.001;17;834;538;55.0186
instances/eil76.tsp;0.8;0.001;18;972;538;80.6691
instances/eil76.tsp;0.8;0.001;19;894;538;66.171
instances/eil76.tsp;0.8;0.001;20;1003;538;86.4312
instances/eil76.tsp;0.8;0.001;21;890;538;65.4275
instances/eil76.tsp;0.8;0.001;22;928;538;72.4907
instances/eil76.tsp;0.8;0.001;23;871;538;61.8959
instances/eil76.tsp;0.8;0.001;24;952;538;76.9517
instances/eil76.tsp;0.8;0.001;25;946;538;75.8364
instances/eil76.tsp;0.8;0.001;26;864;538;60.5948
instances/eil76.tsp;0.8;0.001;27;898;538;66.9145
instances/eil76.tsp;0.8;0.001;28;838;538;55.7621
instances/eil76.tsp;0.8;0.001;29;1071;538;99.0706
instances/eil76.tsp;0.8;0.001;30;930;538;72.8625
instances/eil76.tsp;0.8;0.005;1;835;538;55.2045
instances/eil76.tsp;0.8;0.005;2;859;538;59.6654
instances/eil76.tsp;0.8;0.005;3;867;538;61.1524
instances/eil76.tsp;0.8;0.005;4;754;538;40.1487
instances/eil76.tsp;0.8;0.005;5;855;538;58.9219
instances/eil76.tsp;0.8;0.005;6;800;538;48.6989
instances/eil76.tsp;0.8;0.005;7;875;538;62.6394
instances/eil76.tsp;0.8;0.005;8;833;538;54.8327
instances/eil76.tsp;0.8;0.005;9;770;538;43.1227
instances/eil76.tsp;0.8;0.005;10;843;538;56.6914
instances/eil76.tsp;0.8;0.005;11;819;538;52.2305
instances/eil76.tsp;0.8;0.005;12;805;538;49.6283
instances/eil76.tsp;0.8;0.005;13;817;538;51.8587
instances/eil76.tsp;0.8;0.005;14;814;538;51.3011
instances/eil76.tsp;0.8;0.005;15;896;538;66.5428
instances/eil76.tsp;0.8;0.005;16;831;538;54.461
instances/eil76.tsp;0.8;0.005;17;801;538;48.8848
instances/eil76.tsp;0.8;0.005;18;801;538;48.8848
instances/eil76.tsp;0.8;0.005;19;819;538;52.2305
instances/eil76.tsp;0.8;0.005;20;915;538;70.0743
instances/eil76.tsp;0.8;0.005;21;798;538;48.3271
instances/eil76.tsp;0.8;0.005;22;891;538;65.6134
instances/eil76.tsp;0.8;0.005;23;902;538;67.658
instances/eil76.tsp;0.8;0.005;24;729;538;35.5019
instances/eil76.tsp;0.8;0.005;25;773;538;43.6803
instances/eil76.tsp;0.8;0.005;26;813;538;51.1152
instances/eil76.tsp;0.8;0.005;27;862;538;60.223
instances/eil76.tsp;0.8;0.005;28;874;538;62.4535
instances/eil76.tsp;0.8;0.005;29;837;538;55.5762
instances/eil76.tsp;0.8;0.005;30;754;538;40.1487
instances/eil76.tsp;0.8;0.01;1;953;538;77.1375
instances/eil76.tsp;0.8;0.01;2;1454;538;170.2602
instances/eil76.tsp;0.8;0.01;3;1533;538;184.9442
instances/eil76.tsp;0.8;0.01;4;1086;538;101.8587
instances/eil76.tsp;0.8;0.01;5;1336;538;148.3271
instances/eil76.tsp;0.8;0.01;6;1372;538;155.0186
instances/eil76.tsp;0.8;0.01;7;1314;538;144.2379
instances/eil76.tsp;0.8;0.01;8;1545;538;187.1747
instances/eil76.tsp;0.8;0.01;9;1392;538;158.7361
instances/eil76.tsp;0.8;0.01;10;963;538;78.9963
instances/eil76.tsp;0.8;0.01;11;1223;538;127.3234
instances/eil76.tsp;0.8;0.01;12;982;538;82.5279
instances/eil76.tsp;0.8;0.01;13;1031;538;91.6357
instances/eil76.tsp;0.8;0.01;14;1434;538;166.5428
instances/eil76.tsp;0.8;0.01;15;996;538;85.1301
instances/eil76.tsp;0.8;0.01;16;1372;538;155.0186
instances/eil76.tsp;0.8;0.01;17;1438;538;167.2862
instances/eil76.tsp;0.8;0.01;18;1329;538;147.026
instances/eil76.tsp;0.8;0.01;19;1375;538;155.5762
instances/eil76.tsp;0.8;0.01;20;1443;538;168.2156
instances/eil76.tsp;0.8;0.01;21;1136;538;111.1524
instances/eil76.tsp;0.8;0.01;22;1299;538;141.4498
instances/eil76.tsp;0.8;0.01;23;1226;538;127.881
instances/eil76.tsp;0.8;0.01;24;1319;538;145.1673
instances/eil76.tsp;0.8;0.01;25;1440;538;167.658
instances/eil76.tsp;0.8;0.01;26;862;538;60.223
instances/eil76.tsp;0.8;0.01;27;1543;538;186.803
instances/eil76.tsp;0.8;0.01;28;1351;538;151.1152
instances/eil76.tsp;0.8;0.01;29;1218;538;126.3941
instances/eil76.tsp;0.8;0.01;30;1558;538;189.5911
instances/eil76.tsp;0.9;0.001;1;886;538;64.684
instances/eil76.tsp;0.9;0.001;2;1033;538;92.0074
instances/eil76.tsp;0.9;0.001;3;875;538;62.6394
instances/eil76.tsp;0.9;0.001;4;889;538;65.2416
instances/eil76.tsp;0.9;0.001;5;941;538;74.9071
instances/eil76.tsp;0.9;0.001;6;863;538;60.4089
instances/eil76.tsp;0.9;0.001;7;832;538;54.6468
instances/eil76.tsp;0.9;0.001;8;914;538;69.8885
instances/eil76.tsp;0.9;0.001;9;868;538;61.3383
instances/eil76.tsp;0.9;0.001;10;826;538;53.5316
instances/eil76.tsp;0.9;0.001;11;850;538;57.9926
instances/eil76.tsp;0.9;0.001;12;899;538;67.1004
instances/eil76.tsp;0.9;0.001;13;907;538;68.5874
instances/eil76.tsp;0.9;0.001;14;927;538;72.3048
instances/eil76.tsp;0.9;0.001;15;944;538;75.4647
instances/eil76.tsp;0.9;0.001;16;971;538;80.4833
instances/eil76.tsp;0.9;0.001;17;961;538;78.6245
instances/eil76.tsp;0.9;0.001;18;920;538;71.0037
instances/eil76.tsp;0.9;0.001;19;853;538;58.5502
instances/eil76.tsp;0.9;0.001;20;878;538;63.197
instances/eil76.tsp;0.9;0.001;21;840;538;56.1338
instances/eil76.tsp;0.9;0.001;22;1051;538;95.3532
instances/eil76.tsp;0.9;0.001;23;845;538;57.0632
instances/eil76.tsp;0.9;0.001;24;939;538;74.5353
instances/eil76.tsp;0.9;0.001;25;750;538;39.4052
instances/eil76.tsp;0.9;0.001;26;925;538;71.9331
instances/eil76.tsp;0.9;0.001;27;885;538;64.4981
instances/eil76.tsp;0.9;0.001;28;899;538;67.1004
instances/eil76.tsp;0.9;0.001;29;982;538;82.5279
instances/eil76.tsp;0.9;0.001;30;928;538;72.4907
instances/eil76.tsp;0.9;0.005;1;814;538;51.3011
instances/eil76.tsp;0.9;0.005;2;833;538;54.8327
instances/eil76.tsp;0.9;0.005;3;758;538;40.8922
instances/eil76.tsp;0.9;0.005;4;864;538;60.5948
instances/eil76.tsp;0.9;0.005;5;832;538;54.6468
instances/eil76.tsp;0.9;0.005;6;854;538;58.7361
instances/eil76.tsp;0.9;0.005;7;760;538;41.2639
instances/eil76.tsp;0.9;0.005;8;912;538;69.5167
instances/eil76.tsp;0.9;0.005;9;873;538;62.2677
instances/eil76.tsp;0.9;0.005;10;832;538;54.6468
instances/eil76.tsp;0.9;0.005;11;855;538;58.9219
instances/eil76.tsp;0.9;0.005;12;845;538;57.0632
instances/eil76.tsp;0.9;0.005;13;760;538;41.2639
instances/eil76.tsp;0.9;0.005;14;838;538;55.7621
instances/eil76.tsp;0.9;0.005;15;935;538;73.7918
instances/eil76.tsp;0.9;0.005;16;899;538;67.1004
instances/eil76.tsp;0.9;0.005;17;933;538;73.4201
instances/eil76.tsp;0.9;0.005;18;840;538;56.1338
instances/eil76.tsp;0.9;0.005;19;882;538;63.9405
instances/eil76.tsp;0.9;0.005;20;785;538;45.9108
instances/eil76.tsp;0.9;0.005;21;886;538;64.684
instances/eil76.tsp;0.9;0.005;22;765;538;42.1933
instances/eil76.tsp;0.9;0.005;23;751;538;39.5911
instances/eil76.tsp;0.9;0.005;24;747;538;38.8476
instances/eil76.tsp;0.9;0.005;25;836;538;55.3903
instances/eil76.tsp;0.9;0.005;26;950;538;76.5799
instances/eil76.tsp;0.9;0.005;27;777;538;44.4238
instances/eil76.tsp;0.9;0.005;28;852;538;58.3643
instances/eil76.tsp;0.9;0.005;29;815;538;51.487
instances/eil76.tsp;0.9;0.005;30;799;538;48.513
instances/eil76.tsp;0.9;0.01;1;1323;538;145.9108
instances/eil76.tsp;0.9;0.01;2;1356;538;152.0446
instances/eil76.tsp;0.9;0.01;3;1519;538;182.342
instances/eil76.tsp;0.9;0.01;4;1612;538;199.6283
instances/eil76.tsp;0.9;0.01;5;1514;538;181.4126
instances/eil76.tsp;0.9;0.01;6;1370;538;154.6468
instances/eil76.tsp;0.9;0.01;7;991;538;84.2007
instances/eil76.tsp;0.9;0.01;8;1547;538;187.5465
instances/eil76.tsp;0.9;0.01;9;1494;538;177.6952
instances/eil76.tsp;0.9;0.01;10;1581;538;193.8662
instances/eil76.tsp;0.9;0.01;11;1448;538;169.145
instances/eil76.tsp;0.9;0.01;12;1349;538;150.7435
instances/eil76.tsp;0.9;0.01;13;1313;538;144.052
instances/eil76.tsp;0.9;0.01;14;1222;538;127.1375
instances/eil76.tsp;0.9;0.01;15;1271;538;136.2454
instances/eil76.tsp;0.9;0.01;16;1526;538;183.6431
instances/eil76.tsp;0.9;0.01;17;1500;538;178.8104
instances/eil76.tsp;0.9;0.01;18;1618;538;200.7435
instances/eil76.tsp;0.9;0.01;19;1435;538;166.7286
instances/eil76.tsp;0.9;0.01;20;1515;538;181.5985
instances/eil76.tsp;0.9;0.01;21;1135;538;110.9665
instances/eil76.tsp;0.9;0.01;22;1469;538;173.0483
instances/eil76.tsp;0.9;0.01;23;904;538;68.0297
instances/eil76.tsp;0.9;0.01;24;1316;538;144.6097
instances/eil76.tsp;0.9;0.01;25;1403;538;160.7807
instances/eil76.tsp;0.9;0.01;26;1495;538;177.881
instances/eil76.tsp;0.9;0.01;27;1513;538;181.2268
instances/eil76.tsp;0.9;0.01;28;1252;538;132.7138
instances/eil76.tsp;0.9;0.01;29;1584;538;194.4238
instances/eil76.tsp;0.9;0.01;30;1032;538;91.8216
instances/kroA100.tsp;0.7;0.001;1;54480;21282;155.991
instances/kroA100.tsp;0.7;0.001;2;55451;21282;160.5535
instances/kroA100.tsp;0.7;0.001;3;44479;21282;108.9982
instances/kroA100.tsp;0.7;0.001;4;52826;21282;148.2192
instances/kroA100.tsp;0.7;0.001;5;49866;21282;134.3107
instances/kroA100.tsp;0.7;0.001;6;54325;21282;155.2627
instances/kroA100.tsp;0.7;0.001;7;49913;21282;134.5315
instances/kroA100.tsp;0.7;0.001;8;51497;21282;141.9744
instances/kroA100.tsp;0.7;0.001;9;45479;21282;113.697
instances/kroA100.tsp;0.7;0.001;10;54941;21282;158.1571
instances/kroA100.tsp;0.7;0.001;11;57532;21282;170.3317
instances/kroA100.tsp;0.7;0.001;12;53843;21282;152.9978
instances/kroA100.tsp;0.7;0.001;13;46460;21282;118.3066
instances/kroA100.tsp;0.7;0.001;14;57652;21282;170.8956
instances/kroA100.tsp;0.7;0.001;15;59339;21282;178.8225
instances/kroA100.tsp;0.7;0.001;16;49180;21282;131.0873
instances/kroA100.tsp;0.7;0.001;17;52484;21282;146.6122
instances/kroA100.tsp;0.7;0.001;18;49913;21282;134.5315
instances/kroA100.tsp;0.7;0.001;19;50453;21282;137.0689
instances/kroA100.tsp;0.7;0.001;20;51325;21282;141.1662
instances/kroA100.tsp;0.7;0.001;21;49417;21282;132.2009
instances/kroA100.tsp;0.7;0.001;22;57016;21282;167.9072
instances/kroA100.tsp;0.7;0.001;23;54785;21282;157.4241
instances/kroA100.tsp;0.7;0.001;24;51242;21282;140.7762
instances/kroA100.tsp;0.7;0.001;25;49955;21282;134.7289
instances/kroA100.tsp;0.7;0.001;26;52969;21282;148.8911
instances/kroA100.tsp;0.7;0.001;27;54137;21282;154.3793
instances/kroA100.tsp;0.7;0.001;28;49763;21282;133.8267
instances/kroA100.tsp;0.7;0.001;29;52228;21282;145.4093
instances/kroA100.tsp;0.7;0.001;30;52953;21282;148.8159
instances/kroA100.tsp;0.7;0.005;1;55887;21282;162.6022
instances/kroA100.tsp;0.7;0.005;2;45978;21282;116.0417
instances/kroA100.tsp;0.7;0.005;3;53899;21282;153.261
instances/kroA100.tsp;0.7;0.005;4;52280;21282;145.6536
instances/kroA100.tsp;0.7;0.005;5;45645;21282;114.477
instances/kroA100.tsp;0.7;0.005;6;55860;21282;162.4753
instances/kroA100.tsp;0.7;0.005;7;49412;21282;132.1774
instances/kroA100.tsp;0.7;0.005;8;50764;21282;138.5302
instances/kroA100.tsp;0.7;0.005;9;53800;21282;152.7958
instances/kroA100.tsp;0.7;0.005;10;49150;21282;130.9463
instances/kroA100.tsp;0.7;0.005;11;49073;21282;130.5845
instances/kroA100.tsp;0.7;0.005;12;46809;21282;119.9464
instances/kroA100.tsp;0.7;0.005;13;52174;21282;145.1555
instances/kroA100.tsp;0.7;0.005;14;60223;21282;182.9762
instances/kroA100.tsp;0.7;0.005;15;51181;21282;140.4896
instances/kroA100.tsp;0.7;0.005;16;51538;21282;142.1671
instances/kroA100.tsp;0.7;0.005;17;48854;21282;129.5555
instances/kroA100.tsp;0.7;0.005;18;55569;21282;161.108
instances/kroA100.tsp;0.7;0.005;19;48534;21282;128.0519
instances/kroA100.tsp;0.7;0.005;20;50562;21282;137.5811
instances/kroA100.tsp;0.7;0.005;21;46986;21282;120.7781
instances/kroA100.tsp;0.7;0.005;22;41297;21282;94.0466
instances/kroA100.tsp;0.7;0.005;23;60869;21282;186.0117
instances/kroA100.tsp;0.7;0.005;24;51798;21282;143.3888
instances/kroA100.tsp;0.7;0.005;25;56085;21282;163.5326
instances/kroA100.tsp;0.7;0.005;26;56294;21282;164.5146
instances/kroA100.tsp;0.7;0.005;27;53321;21282;150.5451
instances/kroA100.tsp;0.7;0.005;28;53666;21282;152.1661
instances/kroA100.tsp;0.7;0.005;29;57087;21282;168.2408
instances/kroA100.tsp;0.7;0.005;30;50768;21282;138.549
instances/kroA100.tsp;0.7;0.01;1;98891;21282;364.6697
instances/kroA100.tsp;0.7;0.01;2;93553;21282;339.5874
instances/kroA100.tsp;0.7;0.01;3;88416;21282;315.4497
instances/kroA100.tsp;0.7;0.01;4;96750;21282;354.6095
instances/kroA100.tsp;0.7;0.01;5;85861;21282;303.4442
instances/kroA100.tsp;0.7;0.01;6;92413;21282;334.2308
instances/kroA100.tsp;0.7;0.01;7;91488;21282;329.8844
instances/kroA100.tsp;0.7;0.01;8;81228;21282;281.6747
instances/kroA100.tsp;0.7;0.01;9;91585;21282;330.3402
instances/kroA100.tsp;0.7;0.01;10;88101;21282;313.9696
instances/kroA100.tsp;0.7;0.01;11;95374;21282;348.144
instances/kroA100.tsp;0.7;0.01;12;93288;21282;338.3423
instances/kroA100.tsp;0.7;0.01;13;88802;21282;317.2634
instances/kroA100.tsp;0.7;0.01;14;71731;21282;237.0501
instances/kroA100.tsp;0.7;0.01;15;70253;21282;230.1053
instances/kroA100.tsp;0.7;0.01;16;81956;21282;285.0954
instances/kroA100.tsp;0.7;0.01;17;83444;21282;292.0872
instances/kroA100.tsp;0.7;0.01;18;85029;21282;299.5348
instances/kroA100.tsp;0.7;0.01;19;79947;21282;275.6555
instances/kroA100.tsp;0.7;0.01;20;90955;21282;327.3799
instances/kroA100.tsp;0.7;0.01;21;87372;21282;310.5441
instances/kroA100.tsp;0.7;0.01;22;92298;21282;333.6904
instances/kroA100.tsp;0.7;0.01;23;94173;21282;342.5007
instances/kroA100.tsp;0.7;0.01;24;91344;21282;329.2078
instances/kroA100.tsp;0.7;0.01;25;95334;21282;347.956
instances/kroA100.tsp;0.7;0.01;26;82728;21282;288.7229
instances/kroA100.tsp;0.7;0.01;27;92955;21282;336.7776
instances/kroA100.tsp;0.7;0.01;28;89916;21282;322.4979
instances/kroA100.tsp;0.7;0.01;29;69663;21282;227.333
instances/kroA100.tsp;0.7;0.01;30;69654;21282;227.2907
instances/kroA100.tsp;0.8;0.001;1;49580;21282;132.9668
instances/kroA100.tsp;0.8;0.001;2;50449;21282;137.0501
instances/kroA100.tsp;0.8;0.001;3;49763;21282;133.8267
instances/kroA100.tsp;0.8;0.001;4;44667;21282;109.8816
instances/kroA100.tsp;0.8;0.001;5;49953;21282;134.7195
instances/kroA100.tsp;0.8;0.001;6;53460;21282;151.1982
instances/kroA100.tsp;0.8;0.001;7;57331;21282;169.3873
instances/kroA100.tsp;0.8;0.001;8;49310;21282;131.6981
instances/kroA100.tsp;0.8;0.001;9;48661;21282;128.6486
instances/kroA100.tsp;0.8;0.001;10;52939;21282;148.7501
instances/kroA100.tsp;0.8;0.001;11;49193;21282;131.1484
instances/kroA100.tsp;0.8;0.001;12;52903;21282;148.581
instances/kroA100.tsp;0.8;0.001;13;49680;21282;133.4367
instances/kroA100.tsp;0.8;0.001;14;49859;21282;134.2778
instances/kroA100.tsp;0.8;0.001;15;44849;21282;110.7368
instances/kroA100.tsp;0.8;0.001;16;55619;21282;161.3429
instances/kroA100.tsp;0.8;0.001;17;51899;21282;143.8634
instances/kroA100.tsp;0.8;0.001;18;49088;21282;130.655
instances/kroA100.tsp;0.8;0.001;19;50908;21282;139.2068
instances/kroA100.tsp;0.8;0.001;20;44461;21282;108.9136
instances/kroA100.tsp;0.8;0.001;21;55275;21282;159.7265
instances/kroA100.tsp;0.8;0.001;22;49522;21282;132.6943
instances/kroA100.tsp;0.8;0.001;23;51973;21282;144.2111
instances/kroA100.tsp;0.8;0.001;24;52062;21282;144.6293
instances/kroA100.tsp;0.8;0.001;25;50003;21282;134.9544
instances/kroA100.tsp;0.8;0.001;26;49740;21282;133.7186
instances/kroA100.tsp;0.8;0.001;27;53960;21282;153.5476
instances/kroA100.tsp;0.8;0.001;28;52530;21282;146.8283
instances/kroA100.tsp;0.8;0.001;29;51083;21282;140.0291
instances/kroA100.tsp;0.8;0.001;30;48546;21282;128.1083
instances/kroA100.tsp;0.8;0.005;1;45764;21282;115.0362
instances/kroA100.tsp;0.8;0.005;2;47669;21282;123.9874
instances/kroA100.tsp;0.8;0.005;3;49965;21282;134.7759
instances/kroA100.tsp;0.8;0.005;4;41821;21282;96.5088
instances/kroA100.tsp;0.8;0.005;5;51027;21282;139.766
instances/kroA100.tsp;0.8;0.005;6;49780;21282;133.9066
instances/kroA100.tsp;0.8;0.005;7;46190;21282;117.0379
instances/kroA100.tsp;0.8;0.005;8;51615;21282;142.5289
instances/kroA100.tsp;0.8;0.005;9;53359;21282;150.7236
instances/kroA100.tsp;0.8;0.005;10;49727;21282;133.6576
instances/kroA100.tsp;0.8;0.005;11;44232;21282;107.8376
instances/kroA100.tsp;0.8;0.005;12;49722;21282;133.6341
instances/kroA100.tsp;0.8;0.005;13;46954;21282;120.6278
instances/kroA100.tsp;0.8;0.005;14;43777;21282;105.6997
instances/kroA100.tsp;0.8;0.005;15;50707;21282;138.2624
instances/kroA100.tsp;0.8;0.005;16;71231;21282;234.7007
instances/kroA100.tsp;0.8;0.005;17;48604;21282;128.3808
instances/kroA100.tsp;0.8;0.005;18;54173;21282;154.5484
instances/kroA100.tsp;0.8;0.005;19;67061;21282;215.1067
instances/kroA100.tsp;0.8;0.005;20;83218;21282;291.0253
instances/kroA100.tsp;0.8;0.005;21;62569;21282;193.9996
instances/kroA100.tsp;0.8;0.005;22;52040;21282;144.5259
instances/kroA100.tsp;0.8;0.005;23;48697;21282;128.8178
instances/kroA100.tsp;0.8;0.005;24;52284;21282;145.6724
instances/kroA100.tsp;0.8;0.005;25;55992;21282;163.0956
instances/kroA100.tsp;0.8;0.005;26;50672;21282;138.0979
instances/kroA100.tsp;0.8;0.005;27;56512;21282;165.539
instances/kroA100.tsp;0.8;0.005;28;49615;21282;133.1313
instances/kroA100.tsp;0.8;0.005;29;47789;21282;124.5513
instances/kroA100.tsp;0.8;0.005;30;70607;21282;231.7686
instances/kroA100.tsp;0.8;0.01;1;88319;21282;314.9939
instances/kroA100.tsp;0.8;0.01;2;98684;21282;363.697
instances/kroA100.tsp;0.8;0.01;3;101898;21282;378.799
instances/kroA100.tsp;0.8;0.01;4;99768;21282;368.7905
instances/kroA100.tsp;0.8;0.01;5;85856;21282;303.4207
instances/kroA100.tsp;0.8;0.01;6;91409;21282;329.5132
instances/kroA100.tsp;0.8;0.01;7;96489;21282;353.3831
instances/kroA100.tsp;0.8;0.01;8;89194;21282;319.1053
instances/kroA100.tsp;0.8;0.01;9;98362;21282;362.184
instances/kroA100.tsp;0.8;0.01;10;99041;21282;365.3745
instances/kroA100.tsp;0.8;0.01;11;96501;21282;353.4395
instances/kroA100.tsp;0.8;0.01;12;90055;21282;323.151
instances/kroA100.tsp;0.8;0.01;13;89767;21282;321.7978
instances/kroA100.tsp;0.8;0.01;14;102006;21282;379.3065
instances/kroA100.tsp;0.8;0.01;15;86819;21282;307.9457
instances/kroA100.tsp;0.8;0.01;16;88827;21282;317.3809
instances/kroA100.tsp;0.8;0.01;17;87125;21282;309.3835
instances/kroA100.tsp;0.8;0.01;18;108505;21282;409.844
instances/kroA100.tsp;0.8;0.01;19;91126;21282;328.1834
instances/kroA100.tsp;0.8;0.01;20;102747;21282;382.7883
instances/kroA100.tsp;0.8;0.01;21;99857;21282;369.2087
instances/kroA100.tsp;0.8;0.01;22;88748;21282;317.0097
instances/kroA100.tsp;0.8;0.01;23;90630;21282;325.8528
instances/kroA100.tsp;0.8;0.01;24;94635;21282;344.6716
instances/kroA100.tsp;0.8;0.01;25;97166;21282;356.5642
instances/kroA100.tsp;0.8;0.01;26;98316;21282;361.9679
instances/kroA100.tsp;0.8;0.01;27;91766;21282;331.1907
instances/kroA100.tsp;0.8;0.01;28;96551;21282;353.6745
instances/kroA100.tsp;0.8;0.01;29;94762;21282;345.2683
instances/kroA100.tsp;0.8;0.01;30;72749;21282;241.8335
instances/kroA100.tsp;0.9;0.001;1;44675;21282;109.9192
instances/kroA100.tsp;0.9;0.001;2;55781;21282;162.1041
instances/kroA100.tsp;0.9;0.001;3;45194;21282;112.3579
instances/kroA100.tsp;0.9;0.001;4;49283;21282;131.5713
instances/kroA100.tsp;0.9;0.001;5;53122;21282;149.61
instances/kroA100.tsp;0.9;0.001;6;49140;21282;130.8994
instances/kroA100.tsp;0.9;0.001;7;55362;21282;160.1353
instances/kroA100.tsp;0.9;0.001;8;50924;21282;139.282
instances/kroA100.tsp;0.9;0.001;9;47939;21282;125.2561
instances/kroA100.tsp;0.9;0.001;10;50779;21282;138.6007
instances/kroA100.tsp;0.9;0.001;11;43949;21282;106.5078
instances/kroA100.tsp;0.9;0.001;12;42805;21282;101.1324
instances/kroA100.tsp;0.9;0.001;13;51692;21282;142.8907
instances/kroA100.tsp;0.9;0.001;14;47967;21282;125.3877
instances/kroA100.tsp;0.9;0.001;15;51055;21282;139.8976
instances/kroA100.tsp;0.9;0.001;16;45757;21282;115.0033
instances/kroA100.tsp;0.9;0.001;17;57154;21282;168.5556
instances/kroA100.tsp;0.9;0.001;18;44802;21282;110.5159
instances/kroA100.tsp;0.9;0.001;19;50207;21282;135.913
instances/kroA100.tsp;0.9;0.001;20;45549;21282;114.0259
instances/kroA100.tsp;0.9;0.001;21;53509;21282;151.4284
instances/kroA100.tsp;0.9;0.001;22;50560;21282;137.5717
instances/kroA100.tsp;0.9;0.001;23;51058;21282;139.9117
instances/kroA100.tsp;0.9;0.001;24;49904;21282;134.4892
instances/kroA100.tsp;0.9;0.001;25;48053;21282;125.7917
instances/kroA100.tsp;0.9;0.001;26;48521;21282;127.9908
instances/kroA100.tsp;0.9;0.001;27;52047;21282;144.5588
instances/kroA100.tsp;0.9;0.001;28;49853;21282;134.2496
instances/kroA100.tsp;0.9;0.001;29;45484;21282;113.7205
instances/kroA100.tsp;0.9;0.001;30;48684;21282;128.7567
instances/kroA100.tsp;0.9;0.005;1;52519;21282;146.7766
instances/kroA100.tsp;0.9;0.005;2;46692;21282;119.3967
instances/kroA100.tsp;0.9;0.005;3;57669;21282;170.9755
instances/kroA100.tsp;0.9;0.005;4;57075;21282;168.1844
instances/kroA100.tsp;0.9;0.005;5;81880;21282;284.7383
instances/kroA100.tsp;0.9;0.005;6;44976;21282;111.3335
instances/kroA100.tsp;0.9;0.005;7;42048;21282;97.5754
instances/kroA100.tsp;0.9;0.005;8;82993;21282;289.968
instances/kroA100.tsp;0.9;0.005;9;59410;21282;179.1561
instances/kroA100.tsp;0.9;0.005;10;48117;21282;126.0925
instances/kroA100.tsp;0.9;0.005;11;52669;21282;147.4814
instances/kroA100.tsp;0.9;0.005;12;46113;21282;116.6761
instances/kroA100.tsp;0.9;0.005;13;55041;21282;158.627
instances/kroA100.tsp;0.9;0.005;14;44775;21282;110.3891
instances/kroA100.tsp;0.9;0.005;15;53073;21282;149.3798
instances/kroA100.tsp;0.9;0.005;16;46509;21282;118.5368
instances/kroA100.tsp;0.9;0.005;17;49506;21282;132.6191
instances/kroA100.tsp;0.9;0.005;18;46808;21282;119.9417
instances/kroA100.tsp;0.9;0.005;19;49722;21282;133.6341
instances/kroA100.tsp;0.9;0.005;20;49412;21282;132.1774
instances/kroA100.tsp;0.9;0.005;21;70202;21282;229.8656
instances/kroA100.tsp;0.9;0.005;22;55356;21282;160.1071
instances/kroA100.tsp;0.9;0.005;23;45570;21282;114.1246
instances/kroA100.tsp;0.9;0.005;24;48181;21282;126.3932
instances/kroA100.tsp;0.9;0.005;25;91303;21282;329.0151
instances/kroA100.tsp;0.9;0.005;26;53398;21282;150.9069
instances/kroA100.tsp;0.9;0.005;27;46825;21282;120.0216
instances/kroA100.tsp;0.9;0.005;28;44326;21282;108.2793
instances/kroA100.tsp;0.9;0.005;29;54397;21282;155.601
instances/kroA100.tsp;0.9;0.005;30;52019;21282;144.4272
instances/kroA100.tsp;0.9;0.01;1;102198;21282;380.2086
instances/kroA100.tsp;0.9;0.01;2;101706;21282;377.8968
instances/kroA100.tsp;0.9;0.01;3;92870;21282;336.3782
instances/kroA100.tsp;0.9;0.01;4;96645;21282;354.1162
instances/kroA100.tsp;0.9;0.01;5;93975;21282;341.5703
instances/kroA100.tsp;0.9;0.01;6;110713;21282;420.219
instances/kroA100.tsp;0.9;0.01;7;92439;21282;334.353
instances/kroA100.tsp;0.9;0.01;8;70246;21282;230.0724
instances/kroA100.tsp;0.9;0.01;9;106448;21282;400.1786
instances/kroA100.tsp;0.9;0.01;10;84167;21282;295.4844
instances/kroA100.tsp;0.9;0.01;11;73843;21282;246.974
instances/kroA100.tsp;0.9;0.01;12;95228;21282;347.4579
instances/kroA100.tsp;0.9;0.01;13;93460;21282;339.1505
instances/kroA100.tsp;0.9;0.01;14;104735;21282;392.1295
instances/kroA100.tsp;0.9;0.01;15;100856;21282;373.9028
instances/kroA100.tsp;0.9;0.01;16;91060;21282;327.8733
instances/kroA100.tsp;0.9;0.01;17;91925;21282;331.9378
instances/kroA100.tsp;0.9;0.01;18;89448;21282;320.2988
instances/kroA100.tsp;0.9;0.01;19;95346;21282;348.0124
instances/kroA100.tsp;0.9;0.01;20;94702;21282;344.9864
instances/kroA100.tsp;0.9;0.01;21;102734;21282;382.7272
instances/kroA100.tsp;0.9;0.01;22;84650;21282;297.754
instances/kroA100.tsp;0.9;0.01;23;97906;21282;360.0413
instances/kroA100.tsp;0.9;0.01;24;93278;21282;338.2953
instances/kroA100.tsp;0.9;0.01;25;104849;21282;392.6652
instances/kroA100.tsp;0.9;0.01;26;100351;21282;371.5299
instances/kroA100.tsp;0.9;0.01;27;98890;21282;364.665
instances/kroA100.tsp;0.9;0.01;28;102958;21282;383.7797
instances/kroA100.tsp;0.9;0.01;29;99847;21282;369.1617
instances/kroA100.tsp;0.9;0.01;30;97542;21282;358.331
